indicator,date,time
ADP National Employment Report,2025/1/8,07:15 AM
ADP National Employment Report,2025/2/5,07:15 AM
ADP National Employment Report,2025/3/5,07:15 AM
ADP National Employment Report,2025/4/2,07:15 AM
ADP National Employment Report,2025/4/30,07:15 AM
ADP National Employment Report,2025/6/4,07:15 AM
ADP National Employment Report,2025/7/2,07:15 AM
ADP National Employment Report,2025/7/30,07:15 AM
ADP National Employment Report,2025/9/4,07:15 AM
ADP National Employment Report,2025/10/1,07:15 AM
ADP National Employment Report,2025/11/5,07:15 AM
ADP National Employment Report,2025/12/3,07:15 AM
Advance Economic Indicators,2025/1/29,07:30 AM
Advance Economic Indicators,2025/2/28,07:30 AM
Advance Economic Indicators,2025/3/27,07:30 AM
Advance Economic Indicators,2025/4/29,07:30 AM
Advance Economic Indicators,2025/5/30,07:30 AM
Advance Economic Indicators,2025/6/26,07:30 AM
Advance Economic Indicators,2025/7/29,07:30 AM
Advance Economic Indicators,2025/8/29,07:30 AM
Advance Economic Indicators,2025/9/25,07:30 AM
Advance Economic Indicators,2025/10/29,07:30 AM
Advance Economic Indicators,2025/11/26,07:30 AM
Advance Economic Indicators,2025/12/29,07:30 AM
Consumer Price Index,2025/1/15,07:30 AM
Consumer Price Index,2025/2/12,07:30 AM
Consumer Price Index,2025/3/12,07:30 AM
Consumer Price Index,2025/4/10,07:30 AM
Consumer Price Index,2025/5/13,07:30 AM
Consumer Price Index,2025/6/11,07:30 AM
Consumer Price Index,2025/7/15,07:30 AM
Consumer Price Index,2025/8/12,07:30 AM
Consumer Price Index,2025/9/11,07:30 AM
Consumer Price Index,2025/10/15,07:30 AM
Consumer Price Index,2025/11/13,07:30 AM
Consumer Price Index,2025/12/10,07:30 AM
Advance Monthly Sales for Retail and Food Services,2025/1/16,07:30 AM
Advance Monthly Sales for Retail and Food Services,2025/2/14,07:30 AM
Advance Monthly Sales for Retail and Food Services,2025/3/17,07:30 AM
Advance Monthly Sales for Retail and Food Services,2025/4/16,07:30 AM
Advance Monthly Sales for Retail and Food Services,2025/4/25,09:00 AM
Advance Monthly Sales for Retail and Food Services,2025/5/15,07:30 AM
Advance Monthly Sales for Retail and Food Services,2025/6/17,07:30 AM
Advance Monthly Sales for Retail and Food Services,2025/7/17,07:30 AM
Advance Monthly Sales for Retail and Food Services,2025/8/15,07:30 AM
Advance Monthly Sales for Retail and Food Services,2025/9/16,07:30 AM
Advance Monthly Sales for Retail and Food Services,2025/10/16,07:30 AM
Advance Monthly Sales for Retail and Food Services,2025/11/14,07:30 AM
Advance Monthly Sales for Retail and Food Services,2025/12/17,07:30 AM
Job Openings and Labor Turnover Survey,2025/1/7,09:00 AM
Job Openings and Labor Turnover Survey,2025/2/4,09:00 AM
Job Openings and Labor Turnover Survey,2025/3/11,09:00 AM
Job Openings and Labor Turnover Survey,2025/4/1,09:00 AM
Job Openings and Labor Turnover Survey,2025/4/29,09:00 AM
Job Openings and Labor Turnover Survey,2025/6/3,09:00 AM
Job Openings and Labor Turnover Survey,2025/7/1,09:00 AM
Job Openings and Labor Turnover Survey,2025/7/29,09:00 AM
Job Openings and Labor Turnover Survey,2025/9/3,09:00 AM
Job Openings and Labor Turnover Survey,2025/9/30,09:00 AM
Job Openings and Labor Turnover Survey,2025/11/4,09:00 AM
Job Openings and Labor Turnover Survey,2025/12/2,09:00 AM
Employment Situation,2025/1/10,07:30 AM
Employment Situation,2025/2/7,07:30 AM
Employment Situation,2025/3/7,07:30 AM
Employment Situation,2025/4/4,07:30 AM
Employment Situation,2025/5/2,07:30 AM
Employment Situation,2025/6/6,07:30 AM
Employment Situation,2025/7/3,07:30 AM
Employment Situation,2025/8/1,07:30 AM
Employment Situation,2025/9/5,07:30 AM
Employment Situation,2025/10/3,07:30 AM
Employment Situation,2025/11/7,07:30 AM
Employment Situation,2025/12/5,07:30 AM
Personal Income and Outlays,2025/1/31,07:30 AM
Personal Income and Outlays,2025/2/28,07:30 AM
Personal Income and Outlays,2025/3/28,07:30 AM
Personal Income and Outlays,2025/4/30,09:00 AM
Personal Income and Outlays,2025/5/30,07:30 AM
Personal Income and Outlays,2025/6/27,07:30 AM
Personal Income and Outlays,2025/7/31,07:30 AM
Personal Income and Outlays,2025/8/29,07:30 AM
Personal Income and Outlays,2025/9/26,07:30 AM
Personal Income and Outlays,2025/10/31,07:30 AM
Personal Income and Outlays,2025/11/26,09:00 AM
Personal Income and Outlays,2025/12/19,09:00 AM
Producer Price Index,2025/1/14,07:30 AM
Producer Price Index,2025/2/13,07:30 AM
Producer Price Index,2025/3/13,07:30 AM
Producer Price Index,2025/4/11,07:30 AM
Producer Price Index,2025/5/15,07:30 AM
Producer Price Index,2025/6/12,07:30 AM
Producer Price Index,2025/7/16,07:30 AM
Producer Price Index,2025/8/14,07:30 AM
Producer Price Index,2025/9/10,07:30 AM
Producer Price Index,2025/10/16,07:30 AM
Producer Price Index,2025/11/14,07:30 AM
Producer Price Index,2025/12/11,07:30 AM
